<?xml version="1.0" encoding="UTF-8"?>
<project-private xmlns="http://www.netbeans.org/ns/project-private/1">
    <editor-bookmarks xmlns="http://www.netbeans.org/ns/editor-bookmarks/2" lastBookmarkId="0"/>
    <open-files xmlns="http://www.netbeans.org/ns/projectui-open-files/2">
        <group>
            <file>file:/C:/Users/Wyatt%20Morgan/OneDrive%20-%20nwmissouri.edu/Documents/GitHub/APDAF/Morgan_Assignment03/src/Queue/PriorityQueueDriver.java</file>
            <file>file:/C:/Users/Wyatt%20Morgan/OneDrive%20-%20nwmissouri.edu/Documents/GitHub/APDAF/Morgan_Assignment03/src/Queue/Person.java</file>
        </group>
    </open-files>
</project-private>
